P000001,Emily Johnson,45,Female,White,USA,"Fatigue, unintentional weight loss, and persistent cough",Lung cancer
P000002,Michael Rodriguez,60,Male,Hispanic,USA,"Memory loss, confusion, and difficulty performing daily tasks",Alzheimer's disease
P000003,Olivia Chen,35,Female,Asian,USA,"Shortness of breath, chest pain, and fatigue",Chronic obstructive pulmonary disease (COPD)
P000004,Ethan Thompson,70,Male,Black,USA,"Sudden weakness or numbness, difficulty speaking, and severe headache",Stroke
P000005,Sophia Brown,55,Female,White,USA,"Excessive thirst, frequent urination, and unexplained weight loss",Diabetes
P000006,Emily Anderson,45,Female,White,USA,"Fatigue, weight loss, and chest pain",Cancer
P000007,Michael Chang,60,Male,Asian,USA,"Shortness of breath, chronic cough, and wheezing",Chronic lower respiratory disease
P000008,Olivia Rodriguez,70,Female,Hispanic,USA,"Forgetfulness, confusion, and difficulty in performing daily tasks",Alzheimer's disease
P000009,Tyrone Johnson,55,Male,Black,USA,"Weakness in one side of the body, slurred speech, and severe headache",Stroke
P000010,Harper Smith,35,Female,White,USA,"Increased thirst, frequent urination, and unexplained weight loss",Diabetes
